Fx2hg6pAPP,Christopher,Haith,XwtpOSd@gmail.com
XKMg6Wf8zS,Debra,Casey,bJpupRU@gmail.com
p1nBulLRmu,Benjamin,Staton,UYBiqhA@gmail.com
QcuNj6auQo,Travis,Ulatowski,btASGTr@gmail.com
NzjKFbM9Hn,Lucas,Ryan,kwprEVq@gmail.com
aCI5Y3zYwh,Gary,Tomlinson,IpxQgum@gmail.com
iDZs7mmrnL,Pauline,Smith,Ybbngto@gmail.com
seZz3vNyT6,Marta,Lance,gjDyKFl@gmail.com
8pR2eRVd1S,Isabel,Thomas,DDhCSbP@gmail.com
FZYeqRPiBl,Mary,Clinton,wqtfCVa@gmail.com
UVfeJZ0wdM,Juan,Reach,GJFkduD@gmail.com
lFR2YtQ3Hi,Michelle,Ellis,nuEQasw@gmail.com
CCpecu96E0,John,Mowery,DJzOXrW@gmail.com
F4YZWvw6rU,Brigid,Edwards,xAumBxu@gmail.com
oCrCjmEEva,Vickie,Ehrhart,LzquOAj@gmail.com
s9CCnOuyvD,Jacob,Mccaskill,bmtCXmB@gmail.com
Ko5oXwFmmi,Rachel,Willick,oCrvaSE@gmail.com
9BZhy1ohDi,Lisa,Ligon,UWYXzlt@gmail.com
094LigOgL6,Chester,Saysongkham,FYSJTEq@gmail.com
AgWKdBNlPs,Charles,Fulford,JrqsPAO@gmail.com
DH1bFn5oRs,Barry,Sterrett,tVEYfcr@gmail.com
LKC3NZs6Nf,Jodi,Hicks,nrommNE@gmail.com
LoYFYuP0tC,Sandra,Buchholz,EhJKIzI@gmail.com
3GOtvNHBhY,Elizabeth,Mcdiarmid,FFpKRZV@gmail.com
d0FL5SPf0r,Cynthia,Murphy,rwRCRWO@gmail.com
VH4F0RB58I,Carol,Cannon,WNQsroG@gmail.com
Hj4ia3cjdY,Diane,Gallo,UGrRIvL@gmail.com
avNPUlZb2H,Billy,Cash,wdLMsso@gmail.com
LQklHxYZj4,Francis,Hill,kwksfvN@gmail.com
We8fkZExwk,Mary,Burget,QVFKEQA@gmail.com
8zBOrVhrjc,Ralph,Gonzalez,WJvKhFF@gmail.com
LBpvQsMkco,Donald,Barron,YvFIKOq@gmail.com
9m6kODjsl8,Clyde,Scott,LAwuNFm@gmail.com
MJKoBEXL1O,Lillian,Snider,reTkfAz@gmail.com
EYQp8jM7gd,Debra,Evans,peLikzY@gmail.com
Uny3o4H3m3,Mildred,Cline,NaafwaM@gmail.com
qjEu68W76i,Jackeline,Dayley,HvELgms@gmail.com
IKcwBNomEo,Paul,Rodriguez,iwRamLr@gmail.com
UOM5cLCs62,Mary,Stone,XgyBQIr@gmail.com
l1K0eAQjM9,Doug,Pena,uPKdfwn@gmail.com
9kNvMkjYOX,Milagros,Palmer,WNCHRwl@gmail.com
TWkmAC7SNL,Mark,Schroyer,BPZBXhv@gmail.com
Q6hmqD6dVD,Sharon,Hardison,TapvRXZ@gmail.com
HX0Ivt06sJ,Martin,Hartl,ioRbFNS@gmail.com
0Lioy8Kf3I,Wayne,Robinson,tsclEgJ@gmail.com
oC8qzqRt8Z,Ronald,Ansley,HWNFQKk@gmail.com
dQQsUTMsHS,Robert,Quimby,uyfzkIW@gmail.com
YQcb15Y2pF,Benjamin,Smith,BPOJUGk@gmail.com
RWoMcuoIcZ,Evelyn,Dansereau,tsVVQYM@gmail.com
HEMI4QjCCd,Virginia,Marrero,HpqxScW@gmail.com
UmBo3CAkGq,Jack,Chestnut,nSxtiOR@gmail.com
em238UMk9a,Deetta,Smith,tiZZcRC@gmail.com
RHo9b4zNDL,William,Ryder,xcoTxki@gmail.com
bgeGWq61GA,Frank,Huhman,nfQftrn@gmail.com
7WEnEIvaQT,John,Bouley,YkapCBo@gmail.com
zKo4fzHUFy,Terrence,Zubia,gwMGigK@gmail.com
8wHWbkcUFj,Richard,Place,EMcMHHd@gmail.com
K5iFwXzgWw,George,Mills,fkLiJlw@gmail.com
Tl2JCulokf,Gerald,Simons,xOiEbZD@gmail.com
SszQQQVdDH,Ellen,Hitt,igbBrSG@gmail.com
vUgz2okEAZ,Rachelle,Baker,otUFSVJ@gmail.com
19FOJIunn1,Kenneth,Li,aMVxXeZ@gmail.com
MnyZpOAW2b,Conrad,Daniel,aCKOfpP@gmail.com
QkglN8wNZ9,Lucille,Hall,JDQxOeL@gmail.com
