huVoQ9j2Ic,Jaime,Sullivan,aracne@icloud.com
pmII7rcXbx,Harold,Alexander,padme@outlook.com
Zed0zcbv1V,Alyssa,Hodges,portele@me.com
eFa8pjB7em,Tonya,Knight,msusa@aol.com
ig8BUqxRsa,Rachael,Campbell,treit@icloud.com
Ao35FYcO4K,Harriet,Townsend,syncnine@msn.com
3r3zysy6Eb,Todd,Shelton,jonas@mac.com
GT0YxJno08,Faye,Bates,pkplex@gmail.com
LJlQrH5bAd,Ellis,Medina,madler@aol.com
Ajb2MuyU4x,Kirk,Lynch,dgatwood@me.com
h5e2fHND3k,Daryl,Briggs,henkp@msn.com
OktS7DnM98,Jonathan,Lowe,ngedmond@comcast.net
yhwc9rK8L6,Rosemarie,Kelley,inico@msn.com
4uGooNRc4b,Miriam,Gill,sjmuir@sbcglobal.net
j3BOg3p0aO,Tamara,Stevenson,jfmulder@msn.com
WWZwDEm11U,Julia,Curtis,jaxweb@sbcglobal.net
oaAEgeYSbt,Nina,Welch,trygstad@sbcglobal.net
UNHNzWSlZG,Jonathan,Reeves,tbmaddux@optonline.net
OKfX81pQ57,Steve,Cook,gavollink@msn.com
QtnrygIIt6,Warren,Glover,enintend@yahoo.ca
