Fx2hg6pAPP,Christopher,Haith,XwtpOSd@gmail.com,,,admin
XKMg6Wf8zS,Debra,Casey,bJpupRU@gmail.com,,,admin
p1nBulLRmu,Benjamin,Staton,UYBiqhA@gmail.com,,,admin
QcuNj6auQo,Travis,Ulatowski,btASGTr@gmail.com,,,admin
NzjKFbM9Hn,Lucas,Ryan,kwprEVq@gmail.com,,,host
aCI5Y3zYwh,Gary,Tomlinson,IpxQgum@gmail.com,,,host
iDZs7mmrnL,Pauline,Smith,Ybbngto@gmail.com,,,host
seZz3vNyT6,Marta,Lance,gjDyKFl@gmail.com,,,host
8pR2eRVd1S,Isabel,Thomas,DDhCSbP@gmail.com,,,host
FZYeqRPiBl,Mary,Clinton,wqtfCVa@gmail.com,,,host
UVfeJZ0wdM,Juan,Reach,GJFkduD@gmail.com,,,host
lFR2YtQ3Hi,Michelle,Ellis,nuEQasw@gmail.com,,,host
CCpecu96E0,John,Mowery,DJzOXrW@gmail.com,,,host
F4YZWvw6rU,Brigid,Edwards,xAumBxu@gmail.com,,,host
oCrCjmEEva,Vickie,Ehrhart,LzquOAj@gmail.com,,,host
s9CCnOuyvD,Jacob,Mccaskill,bmtCXmB@gmail.com,,,host
Ko5oXwFmmi,Rachel,Willick,oCrvaSE@gmail.com,,,host
9BZhy1ohDi,Lisa,Ligon,UWYXzlt@gmail.com,,,host
094LigOgL6,Chester,Saysongkham,FYSJTEq@gmail.com,,,host
AgWKdBNlPs,Charles,Fulford,JrqsPAO@gmail.com,,,host
DH1bFn5oRs,Barry,Sterrett,tVEYfcr@gmail.com,,,host
LKC3NZs6Nf,Jodi,Hicks,nrommNE@gmail.com,,,host
LoYFYuP0tC,Sandra,Buchholz,EhJKIzI@gmail.com,,,host
3GOtvNHBhY,Elizabeth,Mcdiarmid,FFpKRZV@gmail.com,,,host
d0FL5SPf0r,Cynthia,Murphy,rwRCRWO@gmail.com,,,host
VH4F0RB58I,Carol,Cannon,WNQsroG@gmail.com,,,host
Hj4ia3cjdY,Diane,Gallo,UGrRIvL@gmail.com,,,host
avNPUlZb2H,Billy,Cash,wdLMsso@gmail.com,,,host
LQklHxYZj4,Francis,Hill,kwksfvN@gmail.com,,,host
We8fkZExwk,Mary,Burget,QVFKEQA@gmail.com,,,host
8zBOrVhrjc,Ralph,Gonzalez,WJvKhFF@gmail.com,,,host
LBpvQsMkco,Donald,Barron,YvFIKOq@gmail.com,,,host
9m6kODjsl8,Clyde,Scott,LAwuNFm@gmail.com,,,host
MJKoBEXL1O,Lillian,Snider,reTkfAz@gmail.com,,,host
EYQp8jM7gd,Debra,Evans,peLikzY@gmail.com,,,host
Uny3o4H3m3,Mildred,Cline,NaafwaM@gmail.com,,,host
qjEu68W76i,Jackeline,Dayley,HvELgms@gmail.com,,,host
IKcwBNomEo,Paul,Rodriguez,iwRamLr@gmail.com,,,host
UOM5cLCs62,Mary,Stone,XgyBQIr@gmail.com,,,host
l1K0eAQjM9,Doug,Pena,uPKdfwn@gmail.com,,,host
9kNvMkjYOX,Milagros,Palmer,WNCHRwl@gmail.com,,,host
TWkmAC7SNL,Mark,Schroyer,BPZBXhv@gmail.com,,,host
Q6hmqD6dVD,Sharon,Hardison,TapvRXZ@gmail.com,,,host
HX0Ivt06sJ,Martin,Hartl,ioRbFNS@gmail.com,,,host
0Lioy8Kf3I,Wayne,Robinson,tsclEgJ@gmail.com,,,renter
oC8qzqRt8Z,Ronald,Ansley,HWNFQKk@gmail.com,,,renter
dQQsUTMsHS,Robert,Quimby,uyfzkIW@gmail.com,,,renter
YQcb15Y2pF,Benjamin,Smith,BPOJUGk@gmail.com,,,renter
RWoMcuoIcZ,Evelyn,Dansereau,tsVVQYM@gmail.com,,,renter
HEMI4QjCCd,Virginia,Marrero,HpqxScW@gmail.com,,,renter
UmBo3CAkGq,Jack,Chestnut,nSxtiOR@gmail.com,,,renter
em238UMk9a,Deetta,Smith,tiZZcRC@gmail.com,,,renter
RHo9b4zNDL,William,Ryder,xcoTxki@gmail.com,,,renter
bgeGWq61GA,Frank,Huhman,nfQftrn@gmail.com,,,renter
7WEnEIvaQT,John,Bouley,YkapCBo@gmail.com,,,renter
zKo4fzHUFy,Terrence,Zubia,gwMGigK@gmail.com,,,renter
8wHWbkcUFj,Richard,Place,EMcMHHd@gmail.com,,,renter
K5iFwXzgWw,George,Mills,fkLiJlw@gmail.com,,,renter
Tl2JCulokf,Gerald,Simons,xOiEbZD@gmail.com,,,renter
SszQQQVdDH,Ellen,Hitt,igbBrSG@gmail.com,,,renter
vUgz2okEAZ,Rachelle,Baker,otUFSVJ@gmail.com,,,renter
19FOJIunn1,Kenneth,Li,aMVxXeZ@gmail.com,,,renter
MnyZpOAW2b,Conrad,Daniel,aCKOfpP@gmail.com,,,renter
QkglN8wNZ9,Lucille,Hall,JDQxOeL@gmail.com,,,renter
