NzjKFbM9Hn,0,0
aCI5Y3zYwh,0,0
iDZs7mmrnL,0,0
seZz3vNyT6,0,0
8pR2eRVd1S,0,0
FZYeqRPiBl,0,0
UVfeJZ0wdM,0,0
lFR2YtQ3Hi,0,0
CCpecu96E0,0,0
F4YZWvw6rU,0,0
oCrCjmEEva,0,0
s9CCnOuyvD,0,0
Ko5oXwFmmi,0,0
9BZhy1ohDi,0,0
094LigOgL6,0,0
AgWKdBNlPs,0,0
DH1bFn5oRs,0,0
LKC3NZs6Nf,0,0
LoYFYuP0tC,0,0
3GOtvNHBhY,0,0
d0FL5SPf0r,0,0
VH4F0RB58I,0,0
Hj4ia3cjdY,0,0
avNPUlZb2H,0,0
LQklHxYZj4,0,0
We8fkZExwk,0,0
8zBOrVhrjc,0,0
LBpvQsMkco,0,0
9m6kODjsl8,0,0
MJKoBEXL1O,0,0
EYQp8jM7gd,0,0
Uny3o4H3m3,0,0
qjEu68W76i,0,0
IKcwBNomEo,0,0
UOM5cLCs62,0,0
l1K0eAQjM9,0,0
9kNvMkjYOX,0,0
TWkmAC7SNL,0,0
Q6hmqD6dVD,0,0
HX0Ivt06sJ,0,0
